    'BalaBhadraDevi.jpeg', 'Gowri02.jpeg', 'Gowri03.jpeg', 'Gowri12thdec01.jpeg',
    'Gowri12thdec02.jpeg', 'Gowri12thdec03.jpeg', 'Gowri12thdec04.jpeg', 'GowriBaluBarani01.jpeg',
    'GowriShankar01.jpeg', 'GowriSrini01.jpeg', 'KannanVenu01.jpeg', 'KannanVenu02.jpeg',
    'KannanVenu03.jpeg', 'KannanVenu04.jpeg', 'Karimalai13thdec01.jpeg', 'Karimalai13thdec02.jpeg',
    'Karimalai13thdec03.jpeg', 'Karimalai13thdec04.jpeg', 'Karimalai13thdec05.jpeg', 'Karimalai13thdec06.jpeg',
    'Karimalai13thdec07.jpeg', 'Karthi01.jpeg', 'Karthi02.jpeg', 'Kottayam01.jpeg',
    'Kottayam02.jpeg', 'Mani01.jpeg', 'Mani02.jpeg', 'Mani03.jpeg', 'Mani04.jpeg',
    'Mountain01.jpeg', 'Mountain02.jpeg', 'Mountain03.jpeg', 'Mountain04.jpeg', 'Mountain05.jpeg',
    'Mountain06.jpeg', 'Mountain07.jpeg', 'Mountain08.jpeg', 'Mountain09.jpeg', 'Mountain10.jpeg',
    'Mountain11.jpeg', 'Mountain12.jpeg', 'Mountain13.jpeg', 'Mountain14.jpeg', 'Mountain15.jpeg',
    'Mountain16.jpeg', 'Mountain17.jpeg', 'Mukkuli01.jpeg', 'Mukuli02.jpeg', 'Mukuli03.jpeg',
    'Mukuli04.jpeg', 'Mukuli05.jpeg', 'Padi02.jpeg', 'Padiview01.jpeg', 'Pampa01.jpeg',
    'RamuBarani01.jpeg', 'ReturnBreakfast.jpeg', 'Samy5-13thdec01.jpeg', 'Sankar01.jpeg',
    'Sankar02.jpeg', 'Sankar03.jpeg', 'Satya01.jpeg', 'Satya02.jpeg', 'Satya05.jpeg',
    'SatyaSankar01.jpeg', 'Thirumulaivayil11thDec.jpeg', 'Venu01.jpeg', 'Venu02.jpeg',
    'Venu03.jpeg', 'Venu04.jpeg', 'VinothBalu01.jpeg'
  
